Iteration,Iteration_Best_CV_RMSE,Average_CV_RMSE,Global_Best_CV_RMSE,Best_n_estimators,Best_max_depth,Best_min_samples_split,Best_min_samples_leaf,Best_max_features,Best_bootstrap
1,2.709263438545637,2.8141898040099282,2.709263438545637,300,20,2,1,sqrt,True
2,2.7262404184605167,2.8056796704897624,2.709263438545637,300,20,2,1,sqrt,True
3,2.7141249838050556,2.768257445878026,2.709263438545637,300,20,2,1,sqrt,True
4,2.696477220501999,2.8206668088050013,2.696477220501999,150,20,2,1,sqrt,True
5,2.702685656701732,2.802597251026986,2.696477220501999,150,20,2,1,sqrt,True
