Iteration,Iteration_Best_CV_RMSE,Average_CV_RMSE,Global_Best_CV_RMSE,Best_n_estimators,Best_max_depth,Best_min_samples_split,Best_min_samples_leaf,Best_max_features,Best_bootstrap
1,2.648470221766929,2.7999657571171497,2.648470221766929,350,None,4,2,0.5,False
2,2.648267558657913,2.759701239945761,2.648267558657913,150,6,3,2,0.5,False
3,2.648267558657913,2.7703775352344686,2.648267558657913,150,6,3,2,0.5,False
4,2.734305451499251,2.795986704745422,2.648267558657913,150,6,3,2,0.5,False
5,2.7418975012622657,2.787931636693584,2.648267558657913,150,6,3,2,0.5,False
